<?xml version="1.0" encoding="UTF-8"?>
<project-private xmlns="http://www.netbeans.org/ns/project-private/1">
    <editor-bookmarks xmlns="http://www.netbeans.org/ns/editor-bookmarks/2" lastBookmarkId="0"/>
    <open-files xmlns="http://www.netbeans.org/ns/projectui-open-files/2">
        <group>
            <file>file:/C:/Users/Sumesh/Desktop/final%20sem/SecureKyc%20(6)/SecureKyc/src/java/controller/DownloadFileServlet.java</file>
            <file>file:/C:/Users/Sumesh/Desktop/final%20sem/SecureKyc%20(6)/SecureKyc/web/amount_error.jsp</file>
            <file>file:/C:/Users/Sumesh/Desktop/final%20sem/SecureKyc%20(6)/SecureKyc/web/Welcome.jsp</file>
            <file>file:/C:/Users/Sumesh/Desktop/final%20sem/SecureKyc%20(6)/SecureKyc/src/java/controller/BlockChain.java</file>
            <file>file:/C:/Users/Sumesh/Desktop/final%20sem/SecureKyc%20(6)/SecureKyc/web/upload_kyc.jsp</file>
            <file>file:/C:/Users/Sumesh/Desktop/final%20sem/SecureKyc%20(6)/SecureKyc/web/KycVerificationUpdate.jsp</file>
            <file>file:/C:/Users/Sumesh/Desktop/final%20sem/SecureKyc%20(6)/SecureKyc/web/create_kyc.jsp</file>
            <file>file:/C:/Users/Sumesh/Desktop/final%20sem/SecureKyc%20(6)/SecureKyc/web/login.jsp</file>
            <file>file:/C:/Users/Sumesh/Desktop/final%20sem/SecureKyc%20(6)/SecureKyc/web/index.html</file>
            <file>file:/C:/Users/Sumesh/Desktop/final%20sem/SecureKyc%20(6)/SecureKyc/web/home.jsp</file>
            <file>file:/C:/Users/Sumesh/Desktop/final%20sem/SecureKyc%20(6)/SecureKyc/web/footer.jsp</file>
            <file>file:/C:/Users/Sumesh/Desktop/final%20sem/SecureKyc%20(6)/SecureKyc/src/java/controller/bankLogin.java</file>
            <file>file:/C:/Users/Sumesh/Desktop/final%20sem/SecureKyc%20(6)/SecureKyc/web/fundtransfer.jsp</file>
            <file>file:/C:/Users/Sumesh/Desktop/final%20sem/SecureKyc%20(6)/SecureKyc/web/bank_navi.jsp</file>
            <file>file:/C:/Users/Sumesh/Desktop/final%20sem/SecureKyc%20(6)/SecureKyc/web/delete.jsp</file>
            <file>file:/C:/Users/Sumesh/Desktop/final%20sem/SecureKyc%20(6)/SecureKyc/web/getFile.jsp</file>
            <file>file:/C:/Users/Sumesh/Desktop/final%20sem/SecureKyc%20(6)/SecureKyc/web/BankLogin.jsp</file>
            <file>file:/C:/Users/Sumesh/Desktop/final%20sem/SecureKyc%20(6)/SecureKyc/web/CheckDocuments.jsp</file>
            <file>file:/C:/Users/Sumesh/Desktop/final%20sem/SecureKyc%20(6)/SecureKyc/src/java/controller/Register.java</file>
            <file>file:/C:/Users/Sumesh/Desktop/final%20sem/SecureKyc%20(6)/SecureKyc/web/flash.jsp</file>
            <file>file:/C:/Users/Sumesh/Desktop/final%20sem/SecureKyc%20(6)/SecureKyc/src/java/controller/create_account.java</file>
            <file>file:/C:/Users/Sumesh/Desktop/final%20sem/SecureKyc%20(6)/SecureKyc/web/viewRecord.jsp</file>
            <file>file:/C:/Users/Sumesh/Desktop/final%20sem/SecureKyc%20(6)/SecureKyc/web/header.jsp</file>
            <file>file:/C:/Users/Sumesh/Desktop/final%20sem/SecureKyc%20(6)/SecureKyc/web/logout.jsp</file>
            <file>file:/C:/Users/Sumesh/Desktop/final%20sem/SecureKyc%20(6)/SecureKyc/web/CreateAccount.jsp</file>
            <file>file:/C:/Users/Sumesh/Desktop/final%20sem/SecureKyc%20(6)/SecureKyc/web/bank_dashboard.jsp</file>
            <file>file:/C:/Users/Sumesh/Desktop/final%20sem/SecureKyc%20(6)/SecureKyc/web/user_navigation.jsp</file>
            <file>file:/C:/Users/Sumesh/Desktop/final%20sem/SecureKyc%20(6)/SecureKyc/src/java/controller/SendEmail.java</file>
            <file>file:/C:/Users/Sumesh/Desktop/final%20sem/SecureKyc%20(6)/SecureKyc/web/register.jsp</file>
            <file>file:/C:/Users/Sumesh/Desktop/final%20sem/SecureKyc%20(6)/SecureKyc/src/java/controller/uploadkyc.java</file>
            <file>file:/C:/Users/Sumesh/Desktop/final%20sem/SecureKyc%20(6)/SecureKyc/web/fund_transfer_controller.jsp</file>
        </group>
    </open-files>
</project-private>
